-- phpMyAdmin SQL Dump
-- version 5.0.1
-- https://www.phpmyadmin.net/
--
-- Hôte : 127.0.0.1
-- Généré le : lun. 08 nov. 2021 à 11:47
-- Version du serveur :  10.4.11-MariaDB
-- Version de PHP : 7.4.2

SET SQL_MODE = "NO_AUTO_VALUE_ON_ZERO";
SET AUTOCOMMIT = 0;
START TRANSACTION;
SET time_zone = "+00:00";


/*!40101 SET @OLD_CHARACTER_SET_CLIENT=@@CHARACTER_SET_CLIENT */;
/*!40101 SET @OLD_CHARACTER_SET_RESULTS=@@CHARACTER_SET_RESULTS */;
/*!40101 SET @OLD_COLLATION_CONNECTION=@@COLLATION_CONNECTION */;
/*!40101 SET NAMES utf8mb4 */;

--
-- Base de données : `bonnetable`
--

-- --------------------------------------------------------

--
-- Structure de la table `composant`
--

CREATE TABLE `composant` (
  `NumComposant` smallint(6) NOT NULL,
  `Libelle` varchar(150) COLLATE utf8_bin DEFAULT NULL,
  `CoutAchat` decimal(10,2) DEFAULT NULL
) ENGINE=InnoDB DEFAULT CHARSET=utf8 COLLATE=utf8_bin;

--
-- Déchargement des données de la table `composant`
--

INSERT INTO `composant` (`NumComposant`, `Libelle`, `CoutAchat`) VALUES
(1, 'Cuisse de canard', '14.35'),
(2, 'Aubergine', '2.75'),
(3, 'Pomme de terre', '1.60'),
(4, 'Truffe', '105.00'),
(5, 'Poireaux', '1.65'),
(6, 'Oseille', '3.35'),
(7, 'Concombre', '1.95'),
(8, 'Pomme', '1.95'),
(9, 'Filet mignon de porc', '6.45'),
(10, 'Airelles', '13.50'),
(11, 'Potiron', '2.45'),
(12, 'Carrée porc', '6.30'),
(13, 'Lait de coco', '0.45'),
(14, 'Semoule', '0.45'),
(15, 'Courgette', '4.30'),
(16, 'Carotte', '1.65'),
(17, 'Navet', '1.35'),
(18, 'Cuisse de poulet', '2.35'),
(19, 'Emincée haddock', '8.35'),
(20, 'Orange', '1.95'),
(21, 'Filet de sole', '7.85'),
(22, 'Escalope de veau', '8.95'),
(23, 'Champignon', '1.45'),
(24, 'Roti de veau', '7.75'),
(25, 'Petits oignons', '1.35'),
(26, 'Emincée poulet', '5.75'),
(27, 'Lasagne', '4.25'),
(28, 'Sauce bolognaise', '1.55'),
(29, 'Moule', '7.75'),
(30, 'Riz', '0.55'),
(31, 'Epices', '7.50'),
(32, 'Saumon', '8.85'),
(33, 'Palourde', '8.55'),
(34, 'Tomate', '1.45'),
(35, 'Lotte', '8.95'),
(36, 'Epinard', '2.55'),
(37, 'Petits pois', '1.75'),
(38, 'Spaghetti', '0.45');

-- --------------------------------------------------------

--
-- Structure de la table `composition`
--

CREATE TABLE `composition` (
  `NumProduit` smallint(6) NOT NULL,
  `NumComposant` smallint(6) NOT NULL,
  `Pourcentage` float NOT NULL
) ENGINE=InnoDB DEFAULT CHARSET=utf8 COLLATE=utf8_bin;

--
-- Déchargement des données de la table `composition`
--

INSERT INTO `composition` (`NumProduit`, `NumComposant`, `Pourcentage`) VALUES
(1, 1, 62),
(1, 3, 37),
(1, 4, 1),
(2, 1, 62),
(2, 3, 37),
(2, 4, 1),
(3, 5, 20),
(3, 6, 10),
(3, 32, 70),
(4, 5, 20),
(4, 6, 10),
(4, 32, 70),
(5, 7, 30),
(5, 8, 10),
(5, 32, 60),
(6, 7, 30),
(6, 8, 10),
(6, 32, 60),
(7, 9, 80),
(7, 10, 5),
(7, 11, 15),
(8, 9, 80),
(8, 10, 5),
(8, 11, 15),
(9, 12, 85),
(9, 13, 5),
(9, 25, 10),
(10, 12, 85),
(10, 13, 5),
(10, 25, 10),
(11, 15, 15),
(11, 16, 5),
(11, 34, 10),
(11, 35, 70),
(12, 15, 15),
(12, 16, 5),
(12, 34, 10),
(12, 35, 70),
(13, 14, 20),
(13, 15, 10),
(13, 16, 10),
(13, 17, 10),
(13, 18, 50),
(14, 19, 80),
(14, 20, 20),
(15, 19, 80),
(15, 20, 20),
(16, 15, 40),
(16, 21, 60),
(17, 15, 40),
(17, 21, 60),
(18, 22, 75),
(18, 23, 25),
(19, 22, 75),
(19, 23, 25),
(20, 2, 60),
(20, 15, 40),
(21, 2, 60),
(21, 15, 40),
(22, 16, 20),
(22, 24, 70),
(22, 25, 10),
(23, 16, 20),
(23, 24, 70),
(23, 25, 10),
(24, 15, 20),
(24, 16, 5),
(24, 26, 75),
(25, 15, 20),
(25, 16, 5),
(25, 26, 75),
(26, 27, 60),
(26, 28, 40),
(27, 27, 60),
(27, 28, 40),
(28, 5, 10),
(28, 16, 10),
(28, 26, 60),
(28, 29, 20),
(29, 5, 10),
(29, 16, 10),
(29, 26, 60),
(29, 29, 20),
(30, 30, 50),
(30, 36, 25),
(30, 37, 25),
(31, 30, 50),
(31, 36, 25),
(31, 37, 25),
(32, 33, 30),
(32, 34, 10),
(32, 38, 60),
(33, 33, 30),
(33, 34, 10),
(33, 38, 60);

-- --------------------------------------------------------

--
-- Structure de la table `gamme`
--

CREATE TABLE `gamme` (
  `CodeGamme` char(2) COLLATE utf8_bin NOT NULL,
  `Libelle` varchar(150) COLLATE utf8_bin NOT NULL
) ENGINE=InnoDB DEFAULT CHARSET=utf8 COLLATE=utf8_bin;

--
-- Déchargement des données de la table `gamme`
--

INSERT INTO `gamme` (`CodeGamme`, `Libelle`) VALUES
('CC', 'Coup de Coeur'),
('PP', 'Premier prix'),
('SG', 'Soirée de gala');

-- --------------------------------------------------------

--
-- Structure de la table `lot`
--

CREATE TABLE `lot` (
  `CodeLot` varchar(6) COLLATE utf8_bin NOT NULL,
  `DateFabrication` date NOT NULL,
  `NumProduit` smallint(6) NOT NULL,
  `Quantite` float NOT NULL
) ENGINE=InnoDB DEFAULT CHARSET=utf8 COLLATE=utf8_bin;

--
-- Déchargement des données de la table `lot`
--

INSERT INTO `lot` (`CodeLot`, `DateFabrication`, `NumProduit`, `Quantite`) VALUES
('04-001', '2004-05-01', 1, 810),
('04-002', '2004-05-01', 13, 1004),
('04-003', '2004-05-01', 12, 997),
('04-004', '2004-05-01', 6, 1041),
('04-005', '2004-05-01', 5, 2401),
('04-006', '2004-06-01', 9, 801),
('04-007', '2004-06-01', 7, 992),
('04-008', '2004-06-01', 8, 752),
('04-009', '2004-06-01', 9, 922),
('04-010', '2004-06-01', 10, 753),
('04-011', '2004-07-01', 11, 753),
('04-012', '2004-07-01', 1, 1463),
('04-013', '2004-07-01', 13, 1073),
('04-014', '2004-07-01', 8, 1414),
('04-015', '2004-07-01', 11, 1444),
('04-016', '2004-08-01', 16, 1384),
('04-017', '2004-08-01', 1, 1425),
('04-018', '2004-08-01', 18, 1325),
('04-019', '2004-08-01', 1, 800),
('04-020', '2004-08-01', 2, 1025),
('04-021', '2004-09-01', 3, 974),
('04-022', '2004-09-01', 12, 971),
('04-023', '2004-09-01', 5, 2441),
('04-024', '2004-12-01', 6, 891),
('04-025', '2004-12-01', 7, 982),
('04-026', '2004-12-01', 11, 722),
('04-027', '2004-12-01', 17, 942),
('04-028', '2004-12-01', 10, 753),
('04-029', '2004-01-13', 11, 723),
('04-030', '2004-01-13', 12, 1413),
('04-031', '2004-01-13', 13, 1143),
('04-032', '2004-01-13', 12, 1384),
('04-033', '2004-01-14', 12, 1354),
('04-034', '2004-01-14', 15, 1384),
('04-035', '2004-01-14', 17, 1215),
('04-036', '2004-01-14', 3, 1385),
('04-037', '2004-01-14', 1, 998),
('04-038', '2004-01-14', 2, 995),
('04-039', '2004-01-14', 4, 1060),
('04-040', '2004-01-15', 8, 971),
('04-041', '2004-01-15', 9, 1469),
('04-042', '2004-01-15', 6, 841),
('04-043', '2004-01-15', 7, 982),
('04-044', '2004-01-15', 6, 812),
('04-045', '2004-01-15', 2, 972),
('04-046', '2004-01-15', 10, 713),
('04-047', '2004-01-15', 8, 773),
('04-048', '2004-01-16', 12, 1473),
('04-049', '2004-01-16', 13, 1333),
('04-050', '2004-01-16', 9, 1444),
('04-051', '2004-01-16', 5, 1374),
('04-052', '2004-01-19', 6, 1414),
('04-053', '2004-01-19', 9, 925),
('04-054', '2004-01-19', 4, 1335),
('04-055', '2004-01-19', 1, 990),
('04-056', '2004-01-20', 2, 990),
('04-057', '2004-01-20', 3, 1050),
('04-058', '2004-01-20', 7, 1051),
('04-059', '2004-01-20', 8, 1441),
('04-060', '2004-01-20', 6, 811),
('04-061', '2004-01-20', 7, 952),
('04-062', '2004-01-21', 11, 722),
('04-063', '2004-01-21', 9, 972),
('04-064', '2004-01-21', 10, 753),
('04-065', '2004-01-21', 11, 783),
('04-066', '2004-01-21', 7, 1423),
('04-067', '2004-01-21', 13, 1025),
('04-068', '2004-01-21', 14, 1404),
('04-069', '2004-01-22', 8, 1374),
('04-070', '2004-01-22', 5, 1374),
('04-071', '2004-01-22', 9, 925),
('04-072', '2004-01-22', 6, 1450),
('04-073', '2004-01-22', 6, 830),
('04-074', '2004-01-23', 2, 1030),
('04-075', '2004-01-23', 3, 1010),
('04-076', '2004-01-23', 4, 991),
('04-077', '2004-01-23', 8, 1441),
('04-078', '2004-01-23', 6, 791),
('04-079', '2004-01-23', 7, 972),
('04-080', '2004-01-26', 8, 782),
('04-081', '2004-01-26', 9, 1002),
('04-082', '2004-01-26', 10, 753),
('04-083', '2004-01-26', 11, 763),
('04-084', '2004-01-26', 1, 1463),
('04-085', '2004-01-26', 1, 1653),
('04-086', '2004-01-27', 14, 1404),
('04-087', '2004-01-27', 4, 1444),
('04-088', '2004-01-27', 9, 1374),
('04-089', '2004-01-27', 1, 885),
('04-090', '2004-01-27', 11, 1355),
('04-091', '2004-01-27', 1, 880),
('04-092', '2004-01-27', 2, 1020),
('04-093', '2004-01-28', 4, 1060),
('04-094', '2004-01-28', 4, 981),
('04-095', '2004-01-28', 7, 1401),
('04-096', '2004-01-28', 6, 901),
('04-097', '2004-01-28', 7, 972),
('04-098', '2004-01-28', 1, 802),
('04-099', '2004-01-28', 9, 932),
('04-100', '2004-01-28', 10, 723),
('04-101', '2004-01-29', 8, 743),
('04-102', '2004-01-29', 14, 1433),
('04-103', '2004-01-29', 18, 1623),
('04-104', '2004-01-29', 9, 1414),
('04-105', '2004-01-29', 3, 1444),
('04-106', '2004-01-30', 12, 1374),
('04-107', '2004-01-30', 17, 855),
('04-108', '2004-01-30', 9, 1350),
('04-109', '2004-01-30', 1, 800),
('04-110', '2004-01-30', 4, 1050),
('04-111', '2004-01-30', 2, 1060),
('04-112', '2004-02-02', 4, 991),
('04-113', '2004-02-02', 4, 1401),
('04-114', '2004-02-02', 6, 951),
('04-115', '2004-02-02', 7, 1002),
('04-116', '2004-02-02', 1, 802),
('04-117', '2004-03-02', 9, 972),
('04-118', '2004-03-02', 8, 773),
('04-119', '2004-03-02', 9, 703),
('04-120', '2004-03-02', 11, 1403),
('04-121', '2004-03-02', 1, 1743),
('04-122', '2004-04-02', 14, 1404),
('04-123', '2004-04-02', 8, 1384),
('04-124', '2004-04-02', 5, 1414),
('04-125', '2004-04-02', 9, 925),
('04-126', '2004-05-02', 12, 1565),
('04-127', '2004-05-02', 17, 850),
('04-128', '2004-05-02', 13, 1006),
('04-129', '2004-05-02', 13, 995),
('04-130', '2004-05-02', 9, 1021),
('04-131', '2004-06-02', 8, 1391),
('04-132', '2004-06-02', 6, 861),
('04-133', '2004-06-02', 7, 972),
('04-134', '2004-06-02', 8, 752),
('04-135', '2004-06-02', 17, 942),
('04-136', '2004-06-02', 8, 743),
('04-137', '2004-06-02', 7, 783),
('04-138', '2004-09-02', 12, 1383),
('04-139', '2004-09-02', 18, 1685),
('04-140', '2004-09-02', 12, 1364),
('04-141', '2004-09-02', 11, 1374),
('04-142', '2004-10-02', 5, 1414),
('04-143', '2004-10-02', 17, 875),
('04-144', '2004-10-02', 14, 1695),
('04-145', '2004-10-02', 1, 845),
('04-146', '2004-10-02', 13, 990),
('04-147', '2004-11-02', 7, 980),
('04-148', '2004-11-02', 4, 961),
('04-149', '2004-11-02', 3, 1441),
('04-150', '2004-11-02', 6, 983),
('04-151', '2004-12-02', 6, 962),
('04-152', '2004-12-02', 8, 772),
('04-153', '2004-12-02', 9, 982),
('04-154', '2004-12-02', 10, 713),
('04-155', '2004-12-02', 11, 693),
('04-156', '2004-02-13', 7, 1463),
('04-157', '2004-02-13', 5, 1698),
('04-158', '2004-02-13', 9, 1364),
('04-159', '2004-02-13', 7, 1374),
('04-160', '2004-02-13', 16, 1404),
('04-161', '2004-02-16', 17, 925),
('04-162', '2004-02-16', 9, 1695),
('04-163', '2004-02-16', 1, 880),
('04-164', '2004-02-16', 12, 1050),
('04-165', '2004-02-16', 3, 1010),
('04-166', '2004-02-17', 5, 1011),
('04-167', '2004-02-17', 4, 1421),
('04-168', '2004-02-17', 7, 1001),
('04-169', '2004-02-17', 7, 1002),
('04-170', '2004-02-17', 8, 802),
('04-171', '2004-02-18', 5, 972),
('04-172', '2004-02-19', 10, 703),
('04-173', '2004-02-20', 11, 763),
('04-174', '2004-02-23', 3, 1423),
('04-175', '2004-02-23', 12, 1623),
('04-176', '2004-02-23', 9, 1374),
('04-177', '2004-02-23', 11, 1424),
('04-178', '2004-02-24', 13, 1344),
('04-179', '2004-02-24', 1, 885),
('04-180', '2004-02-24', 6, 1635),
('04-181', '2004-02-24', 17, 850),
('04-182', '2004-02-24', 6, 1020),
('04-183', '2004-02-25', 3, 1000),
('04-184', '2004-02-25', 4, 981),
('04-185', '2004-02-25', 12, 1451),
('04-186', '2004-02-25', 6, 951),
('04-187', '2004-02-25', 7, 1012),
('04-188', '2004-02-26', 11, 762),
('04-189', '2004-02-26', 6, 962),
('04-190', '2004-02-26', 8, 743),
('04-191', '2004-02-26', 11, 713),
('04-192', '2004-02-26', 12, 1413),
('04-193', '2004-02-27', 12, 1685),
('04-194', '2004-02-27', 10, 1374),
('04-195', '2004-02-27', 7, 1414),
('04-196', '2004-02-27', 4, 1414),
('04-197', '2004-02-27', 17, 835),
('04-198', '2004-01-03', 10, 1735),
('04-199', '2004-01-03', 6, 870),
('04-200', '2004-01-03', 2, 1050),
('04-201', '2004-01-03', 7, 1020),
('04-202', '2004-01-03', 14, 1051),
('04-203', '2004-02-03', 6, 1501),
('04-204', '2004-02-03', 3, 1011),
('04-205', '2004-02-03', 7, 942),
('04-206', '2004-02-03', 8, 802),
('04-207', '2004-02-03', 12, 982),
('04-208', '2004-02-03', 10, 713),
('04-209', '2004-03-03', 9, 693),
('04-210', '2004-03-03', 11, 1443),
('04-211', '2004-03-03', 14, 1683),
('04-212', '2004-03-03', 14, 1374),
('04-213', '2004-04-03', 2, 1444),
('04-214', '2004-04-03', 16, 1404),
('04-215', '2004-04-03', 17, 905),
('04-216', '2004-04-03', 15, 1875),
('04-217', '2004-04-03', 6, 870),
('04-218', '2004-05-03', 2, 1070),
('04-219', '2004-05-03', 1, 997),
('04-220', '2004-05-03', 4, 971),
('04-221', '2004-05-03', 6, 1451),
('04-222', '2004-08-03', 5, 1001),
('04-223', '2004-08-03', 7, 952),
('04-224', '2004-08-03', 8, 782),
('04-225', '2004-08-03', 7, 942),
('04-226', '2004-09-03', 10, 793),
('04-227', '2004-09-03', 7, 783),
('04-228', '2004-09-03', 16, 1403),
('04-229', '2004-09-03', 11, 1716),
('04-230', '2004-09-03', 13, 1424),
('04-231', '2004-09-03', 6, 1414),
('04-232', '2004-10-03', 12, 1414),
('04-233', '2004-10-03', 1, 885),
('04-234', '2004-10-03', 17, 1895),
('04-235', '2004-10-03', 1, 998),
('04-236', '2004-10-03', 2, 980),
('04-237', '2004-11-03', 3, 1060),
('04-238', '2004-11-03', 6, 981),
('04-239', '2004-11-03', 3, 1541),
('04-240', '2004-11-03', 6, 961),
('04-241', '2004-11-03', 12, 992),
('04-242', '2004-12-03', 8, 742),
('04-243', '2004-12-03', 9, 962),
('04-244', '2004-12-03', 10, 753),
('04-245', '2004-12-03', 11, 733),
('04-246', '2004-12-03', 9, 1433),
('04-247', '2004-03-15', 12, 1885),
('04-248', '2004-03-15', 6, 1434),
('04-249', '2004-03-15', 11, 1414),
('04-250', '2004-03-15', 12, 1344),
('04-251', '2004-03-16', 17, 905),
('04-252', '2004-03-16', 14, 1895),
('04-253', '2004-03-16', 1, 890),
('04-254', '2004-03-16', 4, 1040),
('04-255', '2004-03-16', 7, 970),
('04-256', '2004-03-17', 3, 1041),
('04-257', '2004-03-17', 3, 1451),
('04-258', '2004-03-17', 6, 961),
('04-259', '2004-03-17', 7, 1022),
('04-260', '2004-03-17', 8, 752),
('04-261', '2004-03-18', 7, 942),
('04-262', '2004-03-18', 10, 793),
('04-263', '2004-03-18', 11, 753),
('04-264', '2004-03-18', 13, 1393),
('04-265', '2004-03-19', 6, 1824),
('04-266', '2004-03-19', 9, 1384),
('04-267', '2004-03-19', 8, 1434),
('04-268', '2004-03-19', 11, 1354),
('04-269', '2004-03-22', 17, 915),
('04-270', '2004-03-22', 3, 1855),
('04-271', '2004-03-22', 1, 990),
('04-272', '2004-03-22', 2, 1070),
('04-273', '2004-03-23', 3, 1060),
('04-274', '2004-03-23', 6, 961),
('04-275', '2004-03-23', 3, 1511),
('04-276', '2004-03-23', 10, 1001),
('04-277', '2004-03-23', 7, 972),
('04-278', '2004-03-24', 6, 812),
('04-279', '2004-03-24', 9, 932),
('04-280', '2004-03-24', 10, 783),
('04-281', '2004-03-24', 8, 773),
('04-282', '2004-03-24', 12, 1383),
('04-283', '2004-03-25', 18, 1832),
('04-284', '2004-03-25', 14, 1374),
('04-285', '2004-03-25', 7, 1434),
('04-286', '2004-03-25', 8, 1344),
('04-287', '2004-03-26', 17, 845),
('04-288', '2004-03-26', 13, 1825),
('04-289', '2004-03-26', 1, 1070),
('04-290', '2004-03-26', 13, 1050),
('04-291', '2004-03-29', 3, 1060),
('04-292', '2004-03-29', 3, 971),
('04-293', '2004-03-29', 2, 1481),
('04-294', '2004-03-29', 6, 1021),
('04-295', '2004-03-30', 7, 932),
('04-296', '2004-03-30', 11, 762),
('04-297', '2004-03-30', 11, 992),
('04-298', '2004-03-30', 10, 723),
('04-299', '2004-03-30', 11, 733),
('04-300', '2004-03-30', 11, 1403),
('04-301', '2004-03-31', 1, 1513),
('04-302', '2004-03-31', 10, 1394),
('04-303', '2004-03-31', 15, 1394),
('04-304', '2004-03-31', 16, 1344),
('04-305', '2004-01-04', 12, 1635),
('04-306', '2004-01-04', 14, 1815),
('04-307', '2004-01-04', 1, 1070),
('04-308', '2004-01-04', 2, 1060),
('04-309', '2004-02-04', 5, 1000),
('04-310', '2004-02-04', 4, 981),
('04-311', '2004-02-04', 12, 1461),
('04-312', '2004-02-04', 5, 1031),
('04-313', '2004-05-04', 7, 982),
('04-314', '2004-05-04', 8, 742),
('04-315', '2004-05-04', 9, 1002),
('04-316', '2004-05-04', 10, 763),
('04-317', '2004-06-04', 11, 713),
('04-318', '2004-06-04', 11, 1393),
('04-319', '2004-06-04', 3, 1473),
('04-320', '2004-06-04', 12, 1394),
('04-321', '2004-07-04', 13, 1414),
('04-322', '2004-07-04', 12, 1434),
('04-323', '2004-07-04', 18, 1925),
('04-324', '2004-07-04', 18, 1895),
('04-325', '2004-07-04', 12, 1000),
('04-326', '2004-08-04', 2, 1040),
('04-327', '2004-08-04', 3, 1030),
('04-328', '2004-08-04', 16, 1051),
('04-329', '2004-08-04', 5, 1471),
('04-330', '2004-09-04', 17, 941),
('04-331', '2004-09-04', 7, 962),
('04-332', '2004-09-04', 8, 782),
('04-333', '2004-09-04', 9, 952),
('04-334', '2004-09-04', 10, 763),
('04-335', '2004-09-04', 11, 763),
('04-336', '2004-12-04', 5, 1433),
('04-337', '2004-12-04', 8, 1553),
('04-338', '2004-12-04', 14, 1404),
('04-339', '2004-04-13', 8, 1394),
('04-340', '2004-04-13', 13, 1434),
('04-341', '2004-04-13', 6, 1865),
('04-342', '2004-04-13', 14, 1945),
('04-343', '2004-04-14', 4, 1050),
('04-344', '2004-04-14', 3, 1000),
('04-345', '2004-04-14', 4, 1050),
('04-346', '2004-04-14', 4, 1001),
('04-347', '2004-04-15', 3, 2500),
('04-348', '2004-04-15', 5, 1011),
('04-349', '2004-04-15', 7, 952),
('04-350', '2004-04-15', 11, 722),
('04-351', '2004-04-15', 7, 962),
('04-352', '2004-04-15', 10, 773),
('04-353', '2004-04-16', 11, 733),
('04-354', '2004-04-16', 9, 1423),
('04-355', '2004-04-16', 13, 1327),
('04-356', '2004-04-16', 14, 1404),
('04-357', '2004-04-19', 4, 1424),
('04-358', '2004-04-19', 16, 1404),
('04-359', '2004-04-19', 12, 1925),
('04-360', '2004-04-19', 4, 1975),
('04-361', '2004-04-20', 8, 1945),
('04-362', '2004-04-20', 9, 1500),
('04-363', '2004-04-20', 8, 8137),
('04-364', '2004-04-21', 18, 1859),
('04-365', '2004-04-21', 8, 1531),
('04-366', '2004-04-21', 7, 3337),
('04-367', '2004-04-22', 4, 3538),
('04-368', '2004-04-22', 8, 3115),
('04-369', '2004-04-22', 9, 2908),
('04-370', '2004-04-23', 13, 3217),
('04-371', '2004-04-23', 1, 4247),
('04-372', '2004-04-23', 13, 3987),
('04-373', '2004-04-26', 8, 1347),
('04-374', '2004-04-26', 3, 6236),
('04-375', '2004-04-26', 16, 5856),
('04-376', '2004-04-27', 13, 5736),
('04-377', '2004-04-27', 14, 1865),
('04-378', '2004-04-27', 3, 2075),
('04-379', '2004-04-28', 2, 1050),
('04-380', '2004-04-28', 13, 1070),
('04-381', '2004-04-28', 5, 1000),
('04-382', '2004-04-28', 3, 971),
('04-383', '2004-04-29', 7, 1481),
('04-384', '2004-04-29', 6, 1021),
('04-385', '2004-04-29', 7, 942),
('04-386', '2004-04-29', 8, 3065),
('04-387', '2004-04-30', 9, 972),
('04-388', '2004-04-30', 10, 793),
('04-389', '2004-04-30', 11, 733),
('04-390', '2004-04-30', 5, 1463),
('04-391', '2004-03-05', 2, 1493),
('04-392', '2004-03-05', 4, 1394),
('04-393', '2004-03-05', 2, 1424),
('04-394', '2004-04-05', 5, 1384),
('04-395', '2004-04-05', 17, 935),
('04-396', '2004-04-05', 8, 2175),
('04-397', '2004-05-05', 18, 1404),
('04-398', '2004-05-05', 20, 1925),
('04-399', '2004-05-05', 22, 1975),
('04-400', '2004-06-05', 23, 1945),
('04-401', '2004-06-05', 21, 1500),
('04-402', '2004-06-05', 19, 8137),
('04-403', '2004-07-05', 24, 1859),
('04-404', '2004-07-05', 25, 1531),
('04-405', '2004-07-05', 22, 3337),
('04-406', '2004-10-05', 20, 3538),
('04-407', '2004-10-05', 18, 3115),
('04-408', '2004-10-05', 25, 2908),
('04-409', '2004-11-05', 21, 3217),
('04-410', '2004-11-05', 23, 4284),
('04-411', '2004-11-05', 26, 830),
('04-412', '2004-12-05', 22, 770),
('04-413', '2004-12-05', 27, 1500),
('04-414', '2004-12-05', 23, 1530),
('04-415', '2004-05-13', 28, 1431),
('04-416', '2004-05-13', 20, 1461),
('04-417', '2004-05-13', 21, 1421),
('04-418', '2004-05-14', 24, 972),
('04-419', '2004-05-14', 20, 2212),
('04-420', '2004-05-14', 28, 1441),
('04-421', '2004-05-17', 21, 1962),
('04-422', '2004-05-17', 20, 2012),
('04-423', '2004-05-17', 18, 2012),
('04-424', '2004-05-18', 22, 2001),
('04-425', '2004-05-18', 24, 1556),
('04-426', '2004-05-18', 21, 8193),
('04-427', '2004-05-19', 25, 1915),
('04-428', '2004-05-19', 20, 1587),
('04-429', '2004-05-19', 26, 3393),
('04-430', '2004-05-24', 26, 3594),
('04-431', '2004-05-24', 19, 3171),
('04-432', '2004-05-24', 21, 1490),
('04-433', '2004-01-06', 22, 1410),
('04-434', '2004-01-06', 25, 971),
('04-435', '2004-01-06', 24, 1911),
('04-436', '2004-02-06', 20, 1046),
('04-437', '2004-02-06', 29, 1126),
('04-438', '2004-02-06', 19, 1116),
('04-439', '2004-03-06', 26, 1017),
('04-440', '2004-03-06', 22, 1567),
('04-441', '2004-03-06', 26, 1057),
('04-442', '2004-04-06', 21, 1028),
('04-443', '2004-04-06', 23, 868),
('04-444', '2004-04-06', 24, 988),
('04-445', '2004-07-06', 25, 839),
('04-446', '2004-07-06', 23, 829),
('04-447', '2004-07-06', 22, 1439),
('04-448', '2004-08-06', 21, 1888),
('04-449', '2004-08-06', 18, 1430),
('04-450', '2004-08-06', 20, 1490),
('04-451', '2004-09-06', 29, 1400),
('04-452', '2004-09-06', 23, 901),
('04-453', '2004-09-06', 24, 1881),
('04-454', '2004-10-06', 29, 2001),
('04-455', '2004-10-06', 26, 1556),
('04-456', '2004-10-06', 21, 8154),
('04-457', '2004-11-06', 25, 1876),
('04-458', '2004-11-06', 19, 1548),
('04-459', '2004-11-06', 22, 3354),
('04-460', '2004-06-14', 23, 3555),
('04-461', '2004-06-14', 19, 3132),
('04-462', '2004-06-14', 18, 1451),
('04-463', '2004-06-15', 23, 1371),
('04-464', '2004-06-15', 19, 932),
('04-465', '2004-06-15', 21, 1872),
('04-466', '2004-06-16', 22, 1007),
('04-467', '2004-06-16', 30, 3354),
('04-468', '2004-06-16', 24, 3555),
('04-469', '2004-06-17', 30, 3132),
('04-470', '2004-06-17', 31, 2925),
('04-471', '2004-06-17', 23, 3234),
('04-472', '2004-06-18', 21, 4264),
('04-473', '2004-06-18', 26, 810),
('04-474', '2004-06-18', 22, 750),
('04-475', '2004-06-21', 30, 1480),
('04-476', '2004-06-21', 13, 1510),
('04-477', '2004-06-21', 20, 1411),
('04-478', '2004-06-22', 22, 1441),
('04-479', '2004-06-22', 18, 1401),
('04-480', '2004-06-23', 20, 952),
('04-481', '2004-06-23', 21, 2192),
('04-482', '2004-06-24', 22, 769),
('04-483', '2004-06-24', 20, 959),
('04-484', '2004-06-25', 19, 760),
('04-485', '2004-06-25', 30, 800),
('04-486', '2004-06-28', 26, 1400),
('04-487', '2004-06-28', 25, 1702),
('04-488', '2004-06-29', 19, 1381),
('04-489', '2004-06-29', 20, 1391),
('04-490', '2004-06-30', 22, 1431),
('04-491', '2004-06-30', 25, 892),
('04-492', '2004-01-07', 31, 1712),
('04-493', '2004-01-07', 21, 862),
('04-494', '2004-02-07', 23, 1007),
('04-495', '2004-02-07', 25, 997),
('04-496', '2004-05-07', 22, 978),
('04-497', '2004-05-07', 31, 1458),
('04-498', '2004-06-07', 25, 1000),
('04-499', '2004-06-07', 18, 979),
('04-500', '2004-07-07', 23, 789),
('04-501', '2004-07-07', 22, 999),
('04-502', '2004-08-07', 25, 730),
('04-503', '2004-08-07', 31, 1882),
('04-504', '2004-09-07', 21, 2092),
('04-505', '2004-09-07', 22, 1067),
('04-506', '2004-12-07', 23, 1087),
('04-507', '2004-12-07', 19, 1017),
('04-508', '2004-07-13', 24, 988),
('04-509', '2004-07-13', 31, 1498),
('04-510', '2004-07-15', 22, 1038),
('04-511', '2004-07-15', 23, 959),
('04-512', '2004-07-16', 24, 1518),
('04-513', '2004-07-16', 25, 1028),
('04-514', '2004-07-19', 21, 959),
('04-515', '2004-07-19', 25, 819),
('04-516', '2004-07-20', 22, 999),
('04-517', '2004-07-20', 25, 730),
('04-518', '2004-07-21', 25, 710),
('04-519', '2004-07-21', 26, 1460),
('04-520', '2004-07-22', 24, 1700),
('04-521', '2004-07-22', 22, 1391),
('04-522', '2004-07-23', 26, 1461),
('04-523', '2004-07-23', 23, 1421),
('04-524', '2004-07-26', 26, 1361),
('04-525', '2004-07-26', 20, 1652),
('04-526', '2004-07-27', 26, 1832),
('04-527', '2004-07-27', 23, 1087),
('04-528', '2004-07-28', 21, 1077),
('04-529', '2004-07-28', 19, 1017),
('04-530', '2004-07-29', 26, 998),
('04-531', '2004-07-30', 26, 1478),
('04-532', '2004-08-30', 22, 1048),
('04-533', '2004-08-31', 21, 999),
('04-534', '2004-01-09', 24, 759),
('04-535', '2004-01-09', 27, 1019),
('04-536', '2004-02-09', 21, 780),
('04-537', '2004-02-09', 22, 730),
('04-538', '2004-03-09', 23, 1410),
('04-539', '2004-03-09', 21, 1490),
('04-540', '2004-06-09', 19, 1411),
('04-541', '2004-06-09', 27, 1431),
('04-542', '2004-06-09', 29, 1451),
('04-543', '2004-07-09', 21, 1942),
('04-544', '2004-07-09', 22, 1912),
('04-545', '2004-07-09', 23, 1017),
('04-546', '2004-08-09', 19, 1518),
('04-547', '2004-08-09', 21, 1028),
('04-548', '2004-08-09', 29, 959),
('04-549', '2004-09-09', 20, 819),
('04-550', '2004-09-09', 19, 999),
('04-551', '2004-09-09', 22, 730),
('04-552', '2004-10-09', 29, 710),
('04-553', '2004-10-09', 17, 998),
('04-554', '2004-10-09', 24, 1558),
('04-555', '2004-09-13', 19, 978),
('04-556', '2004-09-13', 27, 1009),
('04-557', '2004-09-13', 21, 759),
('04-558', '2004-09-14', 27, 979),
('04-559', '2004-09-14', 25, 770),
('04-560', '2004-09-14', 29, 750),
('04-561', '2004-09-15', 22, 1450),
('04-562', '2004-09-15', 25, 1902),
('04-563', '2004-09-15', 27, 1451),
('04-564', '2004-09-16', 25, 1431),
('04-565', '2004-09-16', 22, 1361),
('04-566', '2004-09-16', 27, 922),
('04-567', '2004-09-17', 25, 1912),
('04-568', '2004-09-17', 23, 907),
('04-569', '2004-09-17', 22, 1057),
('04-570', '2004-09-20', 21, 987),
('04-571', '2004-09-20', 27, 1058),
('04-572', '2004-09-20', 20, 1468),
('04-573', '2004-09-21', 13, 1028),
('04-574', '2004-09-21', 10, 959),
('04-575', '2004-09-21', 20, 819),
('04-576', '2004-09-22', 24, 999),
('04-577', '2004-09-22', 21, 730),
('04-578', '2004-09-22', 20, 710),
('04-579', '2004-09-23', 30, 998),
('04-580', '2004-09-23', 23, 1558),
('04-581', '2004-09-23', 31, 978),
('04-582', '2004-09-24', 21, 1009),
('04-583', '2004-09-24', 30, 759),
('04-584', '2004-09-24', 31, 1019),
('04-585', '2004-09-27', 22, 819),
('04-586', '2004-09-27', 30, 989),
('04-587', '2004-09-27', 21, 720),
('04-588', '2004-09-28', 30, 780),
('04-589', '2004-09-28', 31, 1440),
('04-590', '2004-09-28', 7, 1640),
('04-591', '2004-09-29', 22, 1391),
('04-592', '2004-09-29', 21, 1441),
('04-593', '2004-09-29', 30, 1361),
('04-594', '2004-09-30', 23, 902),
('04-595', '2004-09-30', 31, 1652),
('04-596', '2004-09-30', 28, 867),
('04-597', '2004-01-10', 21, 1037),
('04-598', '2004-01-10', 22, 1017),
('04-599', '2004-01-10', 28, 998),
('04-600', '2004-04-10', 28, 1468),
('04-601', '2004-04-10', 30, 968),
('04-602', '2004-04-10', 20, 1029),
('04-603', '2004-05-10', 23, 779),
('04-604', '2004-05-10', 24, 979),
('04-605', '2004-05-10', 22, 760),
('04-606', '2004-06-10', 21, 730),
('04-607', '2004-06-10', 28, 1430),
('04-608', '2004-06-10', 29, 1702),
('04-609', '2004-07-10', 20, 1391),
('04-610', '2004-07-10', 22, 1431),
('04-611', '2004-07-10', 21, 1431),
('04-612', '2004-08-10', 25, 852),
('04-613', '2004-08-10', 20, 1752),
('04-614', '2004-08-10', 28, 1558),
('04-615', '2004-11-10', 25, 978),
('04-616', '2004-11-10', 28, 1009),
('04-617', '2004-11-10', 29, 759),
('04-618', '2004-12-10', 20, 1019),
('04-619', '2004-12-10', 22, 819),
('04-620', '2004-12-10', 25, 989),
('04-621', '2004-10-13', 25, 720),
('04-622', '2004-10-13', 28, 780),
('04-623', '2004-10-13', 20, 1440),
('04-624', '2004-10-14', 21, 1640),
('04-625', '2004-10-14', 22, 1391),
('04-626', '2004-10-14', 25, 1441),
('04-627', '2004-10-15', 25, 1087),
('04-628', '2004-10-15', 24, 1077),
('04-629', '2004-10-15', 21, 978),
('04-630', '2004-10-18', 22, 1528),
('04-631', '2004-10-18', 31, 1018),
('04-632', '2004-10-18', 23, 989),
('04-633', '2004-10-19', 31, 829),
('04-634', '2004-10-19', 30, 949),
('04-635', '2004-10-19', 21, 800),
('04-636', '2004-10-20', 30, 790),
('04-637', '2004-10-20', 31, 1400),
('04-638', '2004-10-20', 22, 1849),
('04-639', '2004-10-21', 23, 1391),
('04-640', '2004-10-21', 30, 1451),
('04-641', '2004-10-21', 31, 1361),
('04-642', '2004-10-22', 21, 862),
('04-643', '2004-10-22', 24, 1842),
('04-644', '2004-10-22', 20, 780),
('04-645', '2004-10-25', 22, 1440),
('04-646', '2004-10-25', 23, 1640),
('04-647', '2004-10-25', 29, 1391),
('04-648', '2004-10-26', 29, 1441),
('04-649', '2004-10-26', 31, 1087),
('04-650', '2004-10-26', 21, 1077),
('04-651', '2004-10-27', 29, 978),
('04-652', '2004-10-27', 22, 1528),
('04-653', '2004-10-27', 23, 1018),
('04-654', '2004-10-28', 29, 989),
('04-655', '2004-10-28', 32, 829),
('04-656', '2004-10-28', 21, 949),
('04-657', '2004-10-29', 29, 800),
('04-658', '2004-10-29', 20, 1058),
('04-659', '2004-10-29', 22, 2418),
('04-660', '2004-02-11', 29, 818),
('04-661', '2004-02-11', 30, 1009),
('04-662', '2004-02-11', 32, 769),
('04-663', '2004-03-11', 21, 939),
('04-664', '2004-03-11', 30, 770),
('04-665', '2004-03-11', 32, 770),
('04-666', '2004-04-11', 30, 1480),
('04-667', '2004-04-11', 32, 1090),
('04-668', '2004-04-11', 22, 1431),
('04-669', '2004-05-11', 23, 1461),
('04-670', '2004-05-11', 30, 1401),
('04-671', '2004-05-11', 21, 1442),
('04-672', '2004-08-11', 30, 1342),
('04-673', '2004-08-11', 32, 817),
('04-674', '2004-08-11', 1, 1042),
('04-675', '2004-09-11', 32, 991),
('04-676', '2004-09-11', 22, 988),
('04-677', '2004-09-11', 23, 2458),
('04-678', '2004-10-11', 20, 908),
('04-679', '2004-10-11', 30, 999),
('04-680', '2004-10-11', 32, 739),
('04-681', '2004-11-15', 30, 959),
('04-682', '2004-11-15', 32, 770),
('04-683', '2004-11-15', 19, 740),
('04-684', '2004-11-16', 21, 1430),
('04-685', '2004-11-16', 18, 1160),
('04-686', '2004-11-16', 22, 1401),
('04-687', '2004-11-17', 19, 1371),
('04-688', '2004-11-17', 28, 1468),
('04-689', '2004-11-17', 20, 968),
('04-690', '2004-11-18', 21, 1029),
('04-691', '2004-11-18', 28, 779),
('04-692', '2004-11-18', 8, 979),
('04-693', '2004-11-19', 24, 760),
('04-694', '2004-11-19', 28, 730),
('04-695', '2004-11-19', 22, 1430),
('04-696', '2004-11-22', 23, 1702),
('04-697', '2004-11-22', 24, 1391),
('04-698', '2004-11-22', 28, 1431),
('04-699', '2004-11-23', 8, 1431),
('04-700', '2004-11-23', 24, 852),
('04-701', '2004-11-23', 28, 1752),
('04-702', '2004-11-24', 20, 887),
('04-703', '2004-11-24', 22, 1067),
('04-704', '2004-11-24', 21, 1037),
('04-705', '2004-11-25', 24, 1068),
('04-706', '2004-11-25', 23, 1518),
('04-707', '2004-11-25', 22, 1028),
('04-708', '2004-11-26', 19, 959),
('04-709', '2004-11-26', 23, 739),
('04-710', '2004-11-26', 30, 959),
('04-711', '2004-11-29', 21, 770),
('04-712', '2004-11-29', 30, 740),
('04-713', '2004-11-29', 9, 1430),
('04-714', '2004-11-30', 30, 1160),
('04-715', '2004-11-30', 9, 1401),
('04-716', '2004-11-30', 24, 1371),
('04-717', '2004-01-12', 21, 1468),
('04-718', '2004-01-12', 30, 968),
('04-719', '2004-01-12', 24, 1029),
('04-720', '2004-02-12', 18, 779),
('04-721', '2004-02-12', 27, 979),
('04-722', '2004-02-12', 30, 1350),
('04-723', '2004-03-12', 24, 1461),
('04-724', '2004-03-12', 27, 1391),
('04-725', '2004-03-12', 19, 1431),
('04-726', '2004-06-12', 20, 942),
('04-727', '2004-06-12', 21, 1352),
('04-728', '2004-06-12', 27, 1007),
('04-729', '2004-07-12', 24, 1007),
('04-730', '2004-07-12', 27, 1067),
('04-731', '2004-07-12', 33, 1068),
('04-732', '2004-08-12', 23, 1458),
('04-733', '2004-08-12', 27, 828),
('04-734', '2004-08-12', 33, 969),
('04-735', '2004-09-12', 5, 739),
('04-736', '2004-09-12', 27, 989),
('04-737', '2004-09-12', 33, 770),
('04-738', '2004-10-12', 20, 800),
('04-739', '2004-10-12', 27, 1440),
('04-740', '2004-10-12', 33, 1042),
('04-741', '2004-12-13', 25, 1421),
('04-742', '2004-12-13', 30, 730),
('04-743', '2004-12-13', 33, 1430),
('04-744', '2004-12-14', 30, 1702),
('04-745', '2004-12-14', 21, 1391),
('04-746', '2004-12-14', 33, 1431),
('04-747', '2004-12-15', 30, 1431),
('04-748', '2004-12-15', 23, 852),
('04-749', '2004-12-15', 33, 1752),
('04-750', '2004-12-16', 30, 887),
('04-751', '2004-12-16', 24, 1067),
('04-752', '2004-12-16', 33, 1037),
('04-753', '2004-12-17', 30, 1068),
('04-754', '2004-12-17', 24, 1518),
('04-755', '2004-12-17', 33, 1028),
('04-756', '2004-12-20', 30, 959),
('04-757', '2004-12-20', 24, 739),
('04-758', '2004-12-20', 23, 828),
('04-759', '2004-12-21', 31, 969),
('04-760', '2004-12-21', 24, 739),
('04-761', '2004-12-21', 30, 989),
('04-762', '2004-12-22', 31, 770),
('04-763', '2004-12-22', 24, 800),
('04-764', '2004-12-22', 30, 1440),
('04-765', '2004-12-23', 32, 1042),
('04-766', '2004-12-23', 30, 1421),
('04-767', '2004-12-23', 31, 730),
('04-768', '2004-12-27', 32, 1430),
('04-769', '2004-12-27', 31, 1702),
('04-770', '2004-12-28', 32, 887),
('04-771', '2004-12-28', 31, 1067),
('04-772', '2004-12-29', 32, 1037),
('04-773', '2004-12-29', 31, 1068),
('04-774', '2004-12-30', 32, 1518),
('04-775', '2004-12-30', 31, 1028);

-- --------------------------------------------------------

--
-- Structure de la table `produit`
--

CREATE TABLE `produit` (
  `NumProduit` smallint(6) NOT NULL,
  `Libelle` varchar(150) COLLATE utf8_bin NOT NULL,
  `CodeGamme` char(2) COLLATE utf8_bin NOT NULL,
  `Poids` float NOT NULL,
  `Prix` decimal(10,0) NOT NULL
) ENGINE=InnoDB DEFAULT CHARSET=utf8 COLLATE=utf8_bin;

--
-- Déchargement des données de la table `produit`
--

INSERT INTO `produit` (`NumProduit`, `Libelle`, `CodeGamme`, `Poids`, `Prix`) VALUES
(1, 'Cuisses de canard aux truffes pour une personne', 'SG', 230, '5'),
(2, 'Cuisses de canard aux truffes pour deux personnes', 'SG', 470, '8'),
(3, 'Saumon à l\'oseille pour une personne', 'SG', 240, '4'),
(4, 'Saumon à l\'oseille pour deux personnes', 'SG', 500, '7'),
(5, 'Tartare de saumon au concombre et aux pommes pour une personne', 'SG', 250, '4'),
(6, 'Tartare de saumon au concombre et aux pommes pour deux personnes', 'SG', 500, '8'),
(7, 'Filet mignon de porc aux airelles et potiron pour une personne', 'SG', 300, '3'),
(8, 'Filet mignon de porc aux airelles et potiron pour deux personnes', 'SG', 560, '6'),
(9, 'Carré de porc au lait de coco pour une personne', 'SG', 280, '3'),
(10, 'Carré de porc au lait de coco pour deux personnes', 'SG', 590, '6'),
(11, 'Navarin de lotte à la crème d\'herbes pour une personne', 'SG', 200, '6'),
(12, 'Navarin de lotte à la crème d\'herbes pour deux personnes', 'SG', 400, '9'),
(13, 'Couscous marocain pour deux personnes', 'CC', 510, '6'),
(14, 'Emincé de haddock à l\'orange pour une personne', 'CC', 250, '5'),
(15, 'Emincé de haddock à l\'orange pour deux personnes', 'CC', 510, '9'),
(16, 'Filet de sole aux courgettes pour une personne', 'CC', 300, '6'),
(17, 'Filet de sole aux courgettes pour deux personnes', 'CC', 580, '10'),
(18, 'Escalope de veau aux champignons pour une personne', 'CC', 230, '3'),
(19, 'Escalope de veau aux champignons pour deux personnes', 'CC', 460, '6'),
(20, 'Gratin d\'aubergines et de courgettes pour une personne', 'CC', 340, '3'),
(21, 'Gratin d\'aubergines et de courgettes pour deux personnes', 'CC', 650, '5'),
(22, 'Roti de veau aux petits oignons et carottes pour une personne', 'CC', 340, '3'),
(23, 'Roti de veau aux petits oignons et carottes pour deux personnes', 'CC', 800, '6'),
(24, 'Emincés de volailles aux petits légumes pour une personne', 'PP', 310, '2'),
(25, 'Emincés de volailles aux petits légumes pour deux personnes', 'PP', 650, '5'),
(26, 'Lasagne à la bolognaise pour une personne', 'PP', 280, '2'),
(27, 'Lasagne à la bolognaise pour deux personnes', 'PP', 630, '4'),
(28, 'Blanquette de poulet aux moules pour une personne', 'PP', 250, '3'),
(29, 'Blanquette de poulet aux moules pour deux personnes', 'PP', 500, '6'),
(30, 'Cocotte de riz et légumes épicés pour une personne', 'PP', 310, '2'),
(31, 'Cocotte de riz et légumes épicés pour deux personnes', 'PP', 600, '3'),
(32, 'Spaghetti alle vongole pour une personne', 'PP', 260, '2'),
(33, 'Spaghetti alle vongole pour deux personnes', 'PP', 550, '3');

--
-- Index pour les tables déchargées
--

--
-- Index pour la table `composant`
--
ALTER TABLE `composant`
  ADD PRIMARY KEY (`NumComposant`);

--
-- Index pour la table `composition`
--
ALTER TABLE `composition`
  ADD KEY `NumProduit` (`NumProduit`),
  ADD KEY `NumComposant` (`NumComposant`);

--
-- Index pour la table `gamme`
--
ALTER TABLE `gamme`
  ADD PRIMARY KEY (`CodeGamme`);

--
-- Index pour la table `lot`
--
ALTER TABLE `lot`
  ADD PRIMARY KEY (`CodeLot`),
  ADD KEY `NumProduit` (`NumProduit`);

--
-- Index pour la table `produit`
--
ALTER TABLE `produit`
  ADD PRIMARY KEY (`NumProduit`),
  ADD KEY `INDEX` (`CodeGamme`);

--
-- AUTO_INCREMENT pour les tables déchargées
--

--
-- AUTO_INCREMENT pour la table `composant`
--
ALTER TABLE `composant`
  MODIFY `NumComposant` smallint(6) NOT NULL AUTO_INCREMENT, AUTO_INCREMENT=40;

--
-- AUTO_INCREMENT pour la table `produit`
--
ALTER TABLE `produit`
  MODIFY `NumProduit` smallint(6) NOT NULL AUTO_INCREMENT, AUTO_INCREMENT=34;

--
-- Contraintes pour les tables déchargées
--

--
-- Contraintes pour la table `composition`
--
ALTER TABLE `composition`
  ADD CONSTRAINT `Relation_composition_composant` FOREIGN KEY (`NumComposant`) REFERENCES `composant` (`NumComposant`) ON DELETE CASCADE ON UPDATE CASCADE,
  ADD CONSTRAINT `Relation_composition_produit` FOREIGN KEY (`NumProduit`) REFERENCES `produit` (`NumProduit`) ON DELETE CASCADE ON UPDATE CASCADE;

--
-- Contraintes pour la table `lot`
--
ALTER TABLE `lot`
  ADD CONSTRAINT `Relation_produit_lot` FOREIGN KEY (`NumProduit`) REFERENCES `produit` (`NumProduit`) ON DELETE CASCADE ON UPDATE CASCADE;

--
-- Contraintes pour la table `produit`
--
ALTER TABLE `produit`
  ADD CONSTRAINT `Relation_produit_gamme` FOREIGN KEY (`CodeGamme`) REFERENCES `gamme` (`CodeGamme`) ON DELETE CASCADE ON UPDATE CASCADE;
COMMIT;

/*!40101 SET CHARACTER_SET_CLIENT=@OLD_CHARACTER_SET_CLIENT */;
/*!40101 SET CHARACTER_SET_RESULTS=@OLD_CHARACTER_SET_RESULTS */;
/*!40101 SET COLLATION_CONNECTION=@OLD_COLLATION_CONNECTION */;
